id,revenue
3001,7240837
3002,1000000
3003,1596687
3004,116700000
3005,2841000
3006,1596687
3007,8034
3008,103951461
3009,123384128
3010,346864462
3011,532269
3012,1700000
3013,7011317
3014,1500000
3015,65663276
3016,7965
3017,585349010
3018,174822325
3019,14200000
3020,550000000
3021,27200316
3022,16605763
3023,2303
3024,101646581
3025,1675484
3026,88058786
3027,2387127
3028,63327201
3029,966878
3030,18317151
3031,1300000
3032,134095253
3033,25
3034,2500000
3035,60726164
3036,9114264
3037,19265302
3038,17297244
3039,2275557
3040,3662459
3041,6700000
3042,105656
3043,4630045
3044,70136369
3045,403170142
3046,1261947
3047,60328000
3048,123384128
3049,14715067
3050,34705850
3051,4
3052,10442808
3053,6029824
3054,17000000
3055,224511319
3056,121129
3057,211780824
3058,214104620
3059,25
3060,10382407
3061,18704595
3062,1053788
3063,19265302
3064,17800000
3065,227799884
3066,136000000
3067,1100000
3068,16605763
3069,60209334
3070,8910819
3071,1300000
3072,1405403694
3073,221295
3074,4275
3075,18704595
3076,585349010
3077,25442939
3078,36754634
3079,36642838
3080,28921264
3081,1300000
3082,319285
3083,91038276
3084,25
3085,43528634
3086,129540499
3087,4557214
3088,7965
3089,13674
3090,77112176
3091,16374328
3092,1625847
3093,68514844
3094,62788218
3095,109449237
3096,589244
3097,1405403694
3098,54215416
3099,5446000
3100,21833
3101,21833
3102,3919254
3103,646714
3104,6029824
3105,119269486
3106,38058335
3107,41637263
3108,17092453
3109,719968
3110,470490832
3111,17297244
3112,188126
3113,9114264
3114,44030246
3115,19905359
3116,70136369
3117,9190819
3118,14715067
3119,631442092
3120,616801808
3121,1081957
3122,21750000
3123,3919254
3124,719968
3125,9392
3126,227799884
3127,7840873
3128,10442808
3129,55583804
3130,70136369
3131,48911
3132,70136369
3133,17000000
3134,1596687
3135,105656
3136,6700000
3137,182379278
3138,1500000
3139,8927600
3140,8927600
3141,13380561
3142,12065892
3143,244527583
3144,5410749
3145,93600000
3146,17000000
3147,116700000
3148,319285
3149,122417389
3150,86369815
3151,216166
3152,123384128
3153,91354215
3154,70136369
3155,30857814
3156,2091037
3157,141000000
3158,41954997
3159,1596687
3160,2270000
3161,102000000
3162,60328000
3163,29536299
3164,1000000
3165,4122748
3166,5405313
3167,152036382
3168,3082901
3169,1053788
3170,1300000
3171,1053788
3172,57330873
3173,2861020
3174,7840873
3175,20381995
3176,6700000
3177,133949270
3178,8200000
3179,10499694
3180,1596687
3181,187716
3182,223664608
3183,25442939
3184,43528634
3185,102000000
3186,56308881
3187,1596687
3188,123384128
3189,188441614
3190,216166
3191,116700000
3192,1494399
3193,154026136
3194,28921264
3195,3370574
3196,14715067
3197,1053788
3198,119269486
3199,260696994
3200,91038276
3201,1124445
3202,742898
3203,671
3204,918239
3205,1200627
3206,125728258
3207,36642838
3208,14624826
3209,18000000
3210,263920180
3211,5099316
3212,227799884
3213,25442939
3214,8200000
3215,13000000
3216,17292381
3217,223664608
3218,248392
3219,33456317
3220,357852395
3221,62882090
3222,157768
3223,1596687
3224,8
3225,2400000
3226,141000000
3227,211780824
3228,10006806
3229,156974557
3230,21409028
3231,21409028
3232,245066411
3233,25442939
3234,2891288
3235,6483963
3236,6933459
3237,51029361
3238,116700000
3239,34664
3240,164508066
3241,637769
3242,14202899
3243,382267
3244,65335
3245,1185783
3246,8927600
3247,19125401
3248,74558115
3249,74134790
3250,211780824
3251,1718328
3252,76578641
3253,18704595
3254,44695
3255,2500000
3256,29536299
3257,15179302
3258,1124445
3259,21409028
3260,1980338
3261,116643346
3262,109449237
3263,99303
3264,473993
3265,99303
3266,1100000
3267,70136369
3268,1347988
3269,16605763
3270,18317151
3271,29326868
3272,15379253
3273,34967437
3274,297138014
3275,33395426
3276,14836
3277,18000000
3278,25928721
3279,27634716
3280,113244290
3281,3020784
3282,10018
3283,89456761
3284,50100000
3285,65663276
3286,1805884
3287,719968
3288,91038276
3289,18704595
3290,77737889
3291,19125401
3292,189015611
3293,102244770
3294,70136369
3295,2616503
3296,48482
3297,35150960
3298,136000000
3299,7096000
3300,41637263
3301,9392
3302,59700000
3303,1596687
3304,143451
3305,123384128
3306,6933459
3307,28900000
3308,8434146
3309,1301696
3310,10499694
3311,44057737
3312,1124445
3313,69307224
3314,719968
3315,38955598
3316,123384128
3317,43579163
3318,4557214
3319,52761
3320,34967437
3321,123509
3322,17277
3323,415252786
3324,4069090
3325,62788218
3326,182379278
3327,36642838
3328,2405420
3329,54215416
3330,102825796
3331,319285
3332,36642838
3333,102825796
3334,5900000
3335,62022014
3336,116700000
3337,3370574
3338,17292381
3339,9190819
3340,102000000
3341,3919254
3342,18704595
3343,29000000
3344,589244
3345,20381995
3346,15379253
3347,83398
3348,351692268
3349,84025816
3350,116643346
3351,65663276
3352,2279000
3353,55707411
3354,141000000
3355,7218340
3356,91038276
3357,14836
3358,34705850
3359,10442808
3360,16300000
3361,886686817
3362,2616503
3363,10400000
3364,38862717
3365,589244
3366,226497209
3367,331926147
3368,99303
3369,2275557
3370,70136369
3371,129000000
3372,216166
3373,18704595
3374,1300000
3375,57059003
3376,10442808
3377,20381995
3378,17000000
3379,57881056
3380,77516304
3381,319285
3382,12706478
3383,262921
3384,8927600
3385,165478348
3386,44038000
3387,10442808
3388,134748021
3389,1405403694
3390,1805884
3391,17297244
3392,39946780
3393,116700000
3394,886686817
3395,165615285
3396,4367497
3397,229000
3398,55987321
3399,62788218
3400,18591272
3401,34705850
3402,49601
3403,10000000
3404,719968
3405,25442939
3406,354248063
3407,173000000
3408,1749201
3409,123509
3410,10442808
3411,15556340
3412,227799884
3413,60209334
3414,121129
3415,1300000
3416,1300000
3417,18317151
3418,2033165
3419,408247917
3420,141000000
3421,116700000
3422,300653
3423,67112664
3424,3020784
3425,1980338
3426,1053788
3427,2405420
3428,1000000
3429,35150960
3430,157107755
3431,4557214
3432,125728258
3433,120000
3434,10499694
3435,470490832
3436,498814908
3437,1494399
3438,54215416
3439,48902953
3440,103951461
3441,154026136
3442,540152
3443,742898
3444,105656
3445,77112176
3446,105656
3447,523511
3448,29536299
3449,25513752
3450,14010832
3451,18704595
3452,21409028
3453,17292381
3454,41480851
3455,15179302
3456,77737889
3457,171760
3458,6000000
3459,205366737
3460,18704595
3461,20381995
3462,91038276
3463,28128670
3464,2500000
3465,17292381
3466,8927600
3467,540152
3468,126248813
3469,1596687
3470,202000
3471,502758
3472,8153677
3473,133949270
3474,18704595
3475,211780824
3476,3020784
3477,29536299
3478,52761
3479,371940071
3480,4100000
3481,6933459
3482,2861020
3483,44038000
3484,6347072
3485,67112664
3486,211780824
3487,19265302
3488,2091037
3489,17277
3490,13273595
3491,10400000
3492,48298
3493,41637263
3494,14715067
3495,97552050
3496,1896244
3497,48418160
3498,19265302
3499,6000000
3500,7965
3501,285176741
3502,15379253
3503,30000000
3504,165333180
3505,10499694
3506,103951461
3507,174578751
3508,16300000
3509,60328000
3510,17297244
3511,6482195
3512,86658558
3513,25513752
3514,116700000
3515,123509
3516,56574
3517,12342632
3518,29536299
3519,1596687
3520,1100000
3521,45703
3522,21750000
3523,1053788
3524,82087155
3525,260696994
3526,1124445
3527,1596687
3528,76000000
3529,1084939099
3530,415440673
3531,18704595
3532,57330873
3533,15379253
3534,1300000
3535,225990978
3536,17297244
3537,55987321
3538,70136369
3539,15379253
3540,10442808
3541,19905359
3542,56000000
3543,1347988
3544,77112176
3545,13000000
3546,20381995
3547,141220678
3548,886686817
3549,6933459
3550,90024292
3551,83719388
3552,22730842
3553,216166
3554,201596308
3555,182379278
3556,103173635
3557,25442939
3558,17218080
3559,18704595
3560,217201
3561,147934180
3562,19905359
3563,8690429
3564,14202899
3565,25034000
3566,54215416
3567,18591272
3568,589244
3569,75715436
3570,1547397
3571,133949270
3572,201596308
3573,12520799
3574,10442808
3575,116700000
3576,41637263
3577,4367497
3578,17297244
3579,48418160
3580,1053788
3581,17092453
3582,113244290
3583,111300
3584,17297244
3585,36642838
3586,1163967
3587,39946780
3588,70136369
3589,216166
3590,1053788
3591,331926147
3592,12413650
3593,25147055
3594,135
3595,17292381
3596,41637263
3597,11129057
3598,15379253
3599,13380561
3600,37600000
3601,12065892
3602,2841000
3603,6000000
3604,3338228
3605,25442939
3606,6483963
3607,8927600
3608,36754634
3609,34664
3610,41637263
3611,263000
3612,36000000
3613,27634716
3614,585349010
3615,186702
3616,1625847
3617,34705850
3618,68696770
3619,25
3620,330444045
3621,130482868
3622,154026136
3623,152930623
3624,121129
3625,637769
3626,17292381
3627,16605763
3628,55987321
3629,17297244
3630,3100000
3631,188441614
3632,7286388
3633,74558115
3634,5405313
3635,216166
3636,123384128
3637,6000000
3638,17297244
3639,164433867
3640,90024292
3641,1053788
3642,39946780
3643,22730842
3644,70136369
3645,91038276
3646,22490039
3647,25442939
3648,25034000
3649,390659
3650,216166
3651,374111707
3652,719968
3653,127600435
3654,56574
3655,21409028
3656,49042224
3657,4122748
3658,7240837
3659,69823199
3660,149044513
3661,19125401
3662,155545279
3663,68514844
3664,1347988
3665,5405313
3666,34705850
3667,225990978
3668,48418160
3669,51000000
3670,16605763
3671,1829917
3672,5632086
3673,162000000
3674,70136369
3675,223664608
3676,36754634
3677,2891288
3678,25442939
3679,10000000
3680,1486992
3681,2616503
3682,149044513
3683,11000000
3684,57881056
3685,102825796
3686,2891288
3687,242295562
3688,6700
3689,646714
3690,224803475
3691,1980338
3692,3554460
3693,611899420
3694,48902953
3695,12303411
3696,141000000
3697,22730842
3698,16605763
3699,171760
3700,44057737
3701,385284817
3702,486937
3703,68106245
3704,227799884
3705,8434146
3706,29536299
3707,11000000
3708,22730842
3709,1023784195
3710,21833
3711,49601
3712,41637263
3713,17297244
3714,111300
3715,17292381
3716,54215416
3717,671
3718,7965
3719,8927600
3720,11129057
3721,100
3722,69055695
3723,20240128
3724,25442939
3725,56574
3726,150277
3727,75450437
3728,1060056
3729,10499694
3730,18317151
3731,242688965
3732,2303
3733,132900000
3734,223664608
3735,91038276
3736,7011317
3737,20642922
3738,4864560
3739,25442939
3740,1300000
3741,19265302
3742,136000000
3743,120000
3744,250821495
3745,36642838
3746,585349010
3747,176153
3748,17292381
3749,11129057
3750,44038000
3751,22490039
3752,179000
3753,20381995
3754,19265302
3755,36642838
3756,38290723
3757,201596308
3758,165478348
3759,712294
3760,223664608
3761,19265302
3762,266728738
3763,13130349
3764,41637263
3765,523511
3766,70136369
3767,70136369
3768,7830611
3769,8910819
3770,59700000
3771,16605763
3772,1596687
3773,17292381
3774,34705850
3775,498814908
3776,57059003
3777,589244
3778,28460702
3779,21833
3780,22321
3781,15379253
3782,111300
3783,84601681
3784,9318
3785,244527583
3786,216166
3787,225990978
3788,223664608
3789,2692037
3790,52761
3791,91038276
3792,41232
3793,14836
3794,123509
3795,371940071
3796,10400000
3797,4100000
3798,17292381
3799,4187
3800,660537
3801,40263020
3802,600000
3803,34705850
3804,147542
3805,9392
3806,18704595
3807,11567217
3808,4600000
3809,21409028
3810,1596687
3811,60328000
3812,9318
3813,48482
3814,2802459
3815,57330873
3816,26155781
3817,34967437
3818,196781193
3819,44349000
3820,41954997
3821,212385533
3822,10000000
3823,19265302
3824,9114264
3825,6483963
3826,27200316
3827,84601681
3828,2891288
3829,4275
3830,2405420
3831,4
3832,206172544
3833,63215872
3834,7286388
3835,141000000
3836,51000000
3837,41637263
3838,9114264
3839,21833
3840,43650785
3841,2891288
3842,62882090
3843,5496951
3844,218626
3845,3221152
3846,3662459
3847,1896244
3848,1829917
3849,178051587
3850,120000
3851,56000000
3852,2275557
3853,75450437
3854,44695
3855,14836
3856,14715067
3857,162000000
3858,105656
3859,14715067
3860,6700000
3861,13000000
3862,1300000
3863,105200903
3864,16605763
3865,49100000
3866,70136369
3867,151161491
3868,1185783
3869,69823199
3870,180274123
3871,631442092
3872,141000000
3873,18704595
3874,307076
3875,103173635
3876,48482
3877,2275557
3878,8555008
3879,297138014
3880,109449237
3881,123182
3882,4122748
3883,15179302
3884,312242626
3885,91038276
3886,19265302
3887,21750000
3888,2616503
3889,25966555
3890,67112664
3891,4100000
3892,1625847
3893,473226958
3894,154026136
3895,25442939
3896,68369434
3897,331816
3898,2405420
3899,223664608
3900,1300000
3901,48482
3902,671
3903,719968
3904,15000000
3905,44030246
3906,411006740
3907,300653
3908,494506
3909,486937
3910,34705850
3911,532269
3912,6700000
3913,87416021
3914,6700000
3915,194168700
3916,1100000
3917,14715067
3918,17297244
3919,63833449
3920,77112176
3921,25147055
3922,8434146
3923,10442808
3924,25442939
3925,164508066
3926,11567217
3927,44350926
3928,311312624
3929,56308881
3930,44695
3931,25442939
3932,14715067
3933,123384128
3934,14010832
3935,25
3936,138000
3937,25182929
3938,70136369
3939,17292381
3940,125400
3941,120000
3942,197687603
3943,431971116
3944,126150
3945,22730842
3946,6166819
3947,18317151
3948,7096000
3949,719968
3950,21833
3951,185898
3952,77112176
3953,20915465
3954,331926147
3955,25966555
3956,180274123
3957,20381995
3958,2891288
3959,116700000
3960,1079726
3961,77112176
3962,14715067
3963,54215416
3964,1084939099
3965,102825796
3966,29536299
3967,211780824
3968,2405420
3969,1829917
3970,17292381
3971,6700000
3972,519535
3973,48418160
3974,41232
3975,611899420
3976,285176741
3977,498814908
3978,311312624
3979,14202899
3980,4367497
3981,34705850
3982,62882090
3983,2275557
3984,549368315
3985,1596687
3986,1045713802
3987,17380126
3988,34967437
3989,17297244
3990,29536299
3991,22270
3992,3020784
3993,25442939
3994,287553595
3995,2405420
3996,29536299
3997,54215416
3998,208076205
3999,1596687
4000,60965854
4001,44349000
4002,194168700
4003,7241180
4004,36642838
4005,500000
4006,65663276
4007,3020784
4008,116700000
4009,17297244
4010,6000000
4011,2033165
4012,225990978
4013,48418160
4014,25147055
4015,152036382
4016,10442808
4017,91038276
4018,88058786
4019,194168700
4020,14200000
4021,130786397
4022,6483963
4023,32287044
4024,39946780
4025,22270
4026,18704595
4027,69307224
4028,11000000
4029,4542
4030,17297244
4031,309457509
4032,7965
4033,121129
4034,188126
4035,17137302
4036,3662459
4037,19516000
4038,4100000
4039,1625847
4040,2616503
4041,355962
4042,109449237
4043,25034000
4044,89162162
4045,19125401
4046,1300000
4047,300257475
4048,216166
4049,44695
4050,62985
4051,205366737
4052,19125401
4053,1000000
4054,1268395
4055,91038276
4056,70136369
4057,44038000
4058,1300000
4059,589244
4060,287553595
4061,77516304
4062,41637263
4063,34705850
4064,312242626
4065,225990978
4066,719968
4067,15427192
4068,20381995
4069,65046687
4070,1300000
4071,41098065
4072,719968
4073,136000000
4074,5255
4075,141000000
4076,21409028
4077,118063304
4078,18591272
4079,217022588
4080,1337274
4081,6132924
4082,260696994
4083,17297244
4084,12065892
4085,91038276
4086,217022588
4087,6775121
4088,21409028
4089,116700000
4090,13000000
4091,357852395
4092,18704595
4093,8927600
4094,2891288
4095,194168700
4096,1124445
4097,25442939
4098,25442939
4099,37600000
4100,57330873
4101,19265302
4102,70136369
4103,36642838
4104,1596687
4105,928391
4106,188126
4107,3662459
4108,8434146
4109,5405313
4110,25442939
4111,48298
4112,2033165
4113,9318
4114,58662452
4115,116700000
4116,91038276
4117,3338228
4118,29536299
4119,14828081
4120,93000
4121,25034000
4122,25303038
4123,4122748
4124,29000000
4125,6000000
4126,6775121
4127,12706478
4128,20642922
4129,3662459
4130,21833
4131,154937680
4132,357852395
4133,41637263
4134,54215416
4135,8927600
4136,333011068
4137,116700000
4138,16605763
4139,216166
4140,11000000
4141,21750000
4142,2275557
4143,122417389
4144,1000000
4145,142817992
4146,76578641
4147,93000
4148,25442939
4149,6000000
4150,637769
4151,25
4152,10442808
4153,216166
4154,2841000
4155,2275557
4156,141000000
4157,13000000
4158,91038276
4159,227799884
4160,609123048
4161,1124445
4162,116700000
4163,57881056
4164,17297244
4165,4367497
4166,16775
4167,288752301
4168,10499694
4169,105656
4170,719968
4171,165478348
4172,165333180
4173,185898
4174,32000
4175,17000000
4176,19265302
4177,4542
4178,631442092
4179,4367497
4180,153518974
4181,12923936
4182,25034000
4183,8009329
4184,70136369
4185,70136369
4186,2003822
4187,34967437
4188,2405420
4189,3100000
4190,4275
4191,7240837
4192,2500000
4193,174578751
4194,161834276
4195,719968
4196,16803753
4197,54215416
4198,500000
4199,7412216
4200,17300889
4201,57330873
4202,44806783
4203,44030246
4204,57330873
4205,6086508
4206,2033165
4207,498814908
4208,886686817
4209,18704595
4210,195745823
4211,123384128
4212,43984230
4213,16093651
4214,70136369
4215,46264384
4216,2861020
4217,810455
4218,25442939
4219,91038276
4220,51029361
4221,1347988
4222,97
4223,25303038
4224,61801971
4225,21409028
4226,2275557
4227,141000000
4228,147542
4229,17218080
4230,34742066
4231,25442939
4232,4069826
4233,500188435
4234,17297244
4235,1124445
4236,22321
4237,16093651
4238,18317151
4239,50548152
4240,630161890
4241,54674226
4242,1000000
4243,105656
4244,122417389
4245,14631377
4246,8034
4247,36642838
4248,216166
4249,75450437
4250,17292381
4251,637769
4252,189015611
4253,84025816
4254,29536299
4255,29536299
4256,498814908
4257,178127760
4258,77112176
4259,852336
4260,457363168
4261,70136369
4262,100
4263,70136369
4264,42792561
4265,60328000
4266,60328000
4267,216166
4268,4100000
4269,2091037
4270,373554033
4271,300228084
4272,4542
4273,719968
4274,29536299
4275,38290723
4276,25442939
4277,2275557
4278,719968
4279,17297244
4280,3020784
4281,8910819
4282,59700000
4283,9833553
4284,6500000
4285,10068
4286,331926147
4287,19265302
4288,28900000
4289,390493908
4290,51148651
4291,44038000
4292,22321
4293,2033165
4294,264118201
4295,164508066
4296,29536299
4297,59700000
4298,637769
4299,3919254
4300,36642838
4301,719968
4302,494506
4303,10499694
4304,19125401
4305,25442939
4306,25442939
4307,1100000
4308,9392
4309,36642838
4310,2303
4311,14202899
4312,18704595
4313,56000000
4314,46264384
4315,232324128
4316,325756637
4317,8910819
4318,21409028
4319,10000000
4320,60328000
4321,155545279
4322,15179302
4323,7338987
4324,39946780
4325,2400000
4326,1596687
4327,57330873
4328,59700000
4329,44038000
4330,263920180
4331,18704595
4332,74558115
4333,1805884
4334,217022588
4335,133949270
4336,2405420
4337,1100000
4338,408247917
4339,363889678
4340,2275557
4341,141195658
4342,120000
4343,123384128
4344,589244
4345,2303
4346,77477008
4347,51148651
4348,4557214
4349,211780824
4350,2841000
4351,87840042
4352,1000000
4353,128499205
4354,41637263
4355,34967437
4356,21833
4357,18704595
4358,19125401
4359,18591272
4360,28128670
4361,26155781
4362,37600000
4363,30353232
4364,8555008
4365,6132924
4366,29536299
4367,43984230
4368,285176741
4369,91038276
4370,102825796
4371,141000000
4372,56000000
4373,1596687
4374,54215416
4375,8910819
4376,48752
4377,2628241
4378,2891288
4379,162000000
4380,61489265
4381,90565421
4382,15000000
4383,108000000
4384,2275557
4385,1083282
4386,351692268
4387,25442939
4388,186702
4389,28921264
4390,37600000
4391,185898
4392,60209334
4393,1862805
4394,65663276
4395,21833
4396,95714875
4397,519535
4398,164508066
4399,25513752
4400,16810383
4401,1124445
4402,19125401
4403,41637263
4404,18704595
4405,8200000
4406,93000
4407,742898
4408,1805884
4409,3020784
4410,25442939
4411,2405420
4412,208076205
4413,36642838
4414,121129
4415,60328000
4416,8685526
4417,611899420
4418,44038000
4419,52322400
4420,311312624
4421,2091037
4422,14715067
4423,719968
4424,4
4425,27200000
4426,1124445
4427,25442939
4428,116700000
4429,340312
4430,45703
4431,2400000
4432,71485043
4433,28921264
4434,174578751
4435,1163967
4436,1300000
4437,1829917
4438,45703
4439,28215918
4440,10499694
4441,16605763
4442,2861020
4443,263635
4444,44038000
4445,51000000
4446,179943
4447,102825796
4448,1124445
4449,1547397
4450,51070807
4451,362000072
4452,34967437
4453,102000000
4454,4542
4455,8910819
4456,102000000
4457,589244
4458,100202
4459,116700000
4460,10000000
4461,363889678
4462,36642838
4463,17297244
4464,18317151
4465,19265302
4466,2303
4467,1862805
4468,8800000
4469,17297244
4470,2405420
4471,7241180
4472,188441614
4473,91354215
4474,56574
4475,125400
4476,15504
4477,56000000
4478,589244
4479,185898
4480,136766062
4481,33456317
4482,1596687
4483,2891288
4484,8800000
4485,10442808
4486,22490039
4487,9114264
4488,151161491
4489,227799884
4490,1261947
4491,357852395
4492,17000000
4493,14715067
4494,2616503
4495,17092453
4496,123384128
4497,665450
4498,41637263
4499,7240837
4500,102984862
4501,355237933
4502,70136369
4503,90024292
4504,852336
4505,102471
4506,211780824
4507,4100000
4508,123509
4509,1700000
4510,6775121
4511,162000000
4512,44038000
4513,98159963
4514,142817992
4515,260696994
4516,32000
4517,8434146
4518,7103973
4519,129000000
4520,13380561
4521,10400000
4522,61489265
4523,70136369
4524,25147055
4525,21833
4526,44038000
4527,25442939
4528,20642922
4529,4367497
4530,34967437
4531,2270000
4532,6000000
4533,17297244
4534,143451
4535,151161491
4536,116700000
4537,13000000
4538,123384128
4539,3020784
4540,15556340
4541,91038276
4542,19265302
4543,63833449
4544,8685526
4545,157768
4546,637769
4547,187716
4548,1124445
4549,36000000
4550,30668
4551,1405403694
4552,57330873
4553,25442939
4554,42792561
4555,100
4556,57891803
4557,1596687
4558,34967437
4559,18704595
4560,65663276
4561,17092453
4562,538000
4563,105200903
4564,13674
4565,3020784
4566,17292381
4567,225990978
4568,62985
4569,2405420
4570,116700000
4571,16093651
4572,15379253
4573,16605763
4574,3554460
4575,4367497
4576,25442939
4577,8034
4578,2275557
4579,1596687
4580,2275557
4581,3878993
4582,95714875
4583,297138014
4584,319285
4585,188441614
4586,1596687
4587,29326868
4588,101134059
4589,14715067
4590,369907963
4591,29536299
4592,637769
4593,5255
4594,6700000
4595,297138014
4596,260696994
4597,6000000
4598,43984230
4599,141000000
4600,1337274
4601,74558115
4602,6700000
4603,19265302
4604,17297244
4605,141220678
4606,164508066
4607,17297244
4608,106269971
4609,17292381
4610,116672912
4611,34705850
4612,17292381
4613,2275557
4614,56574
4615,216166
4616,1500000
4617,18317151
4618,14836
4619,1185783
4620,2640850
4621,12303411
4622,60328000
4623,27400000
4624,4
4625,70136369
4626,7600000
4627,216166
4628,6483963
4629,121129
4630,1300000
4631,2275557
4632,34705850
4633,1261947
4634,14836
4635,580527
4636,44352417
4637,135893
4638,34705850
4639,2691899
4640,6700000
4641,51000000
4642,216166
4643,240159255
4644,8200000
4645,8
4646,1045713802
4647,637769
4648,1081957
4649,67112664
4650,65663276
4651,19265302
4652,498814908
4653,41232
4654,114908830
4655,60209334
4656,141000000
4657,21833
4658,141195658
4659,44038000
4660,2891288
4661,62882090
4662,4367497
4663,60328000
4664,173066
4665,15379253
4666,16605763
4667,69307224
4668,8910819
4669,1596687
4670,51029361
4671,21750000
4672,93000
4673,17297244
4674,13000000
4675,2033165
4676,239894
4677,263000
4678,17092453
4679,5099316
4680,340911
4681,17292381
4682,4557214
4683,14836
4684,540152
4685,16605763
4686,116700000
4687,6000000
4688,147845033
4689,719968
4690,4069826
4691,19125401
4692,20381995
4693,2891288
4694,6263883
4695,17292381
4696,21833
4697,226497209
4698,25147055
4699,3878993
4700,225990978
4701,60209334
4702,125728258
4703,2891288
4704,34967437
4705,10000000
4706,36754634
4707,51000000
4708,70136369
4709,25
4710,201596308
4711,7011317
4712,6933459
4713,94061311
4714,51000000
4715,331000
4716,1031243
4717,25442939
4718,19905359
4719,58662452
4720,319285
4721,16093651
4722,29000000
4723,33456317
4724,134748021
4725,502758
4726,6659377
4727,7412216
4728,18704595
4729,164508066
4730,41232
4731,17297244
4732,10000000
4733,121129
4734,1084939099
4735,77516304
4736,719968
4737,2405420
4738,258464
4739,68369434
4740,305875730
4741,2303
4742,89162162
4743,263635
4744,1718328
4745,609123048
4746,15379253
4747,141000000
4748,70200000
4749,3878993
4750,59700000
4751,18704595
4752,21833
4753,10400000
4754,403170142
4755,1596687
4756,17292381
4757,60209334
4758,89162162
4759,90024292
4760,13
4761,2033165
4762,6488144
4763,121129
4764,280000000
4765,19905359
4766,71069884
4767,10000000
4768,133949270
4769,29536299
4770,60209334
4771,29536299
4772,70136369
4773,2275557
4774,248392
4775,2303
4776,48298
4777,89456761
4778,160638883
4779,14200000
4780,116643346
4781,7965
4782,11466088
4783,25442939
4784,19125401
4785,34967437
4786,36894225
4787,41954997
4788,17297244
4789,3338228
4790,411006740
4791,1124445
4792,3903479
4793,4100000
4794,44038000
4795,60328000
4796,589244
4797,205366737
4798,57330873
4799,1053788
4800,15427192
4801,2610000
4802,91038276
4803,37600000
4804,20642922
4805,7240837
4806,9318
4807,473993
4808,48911
4809,320170008
4810,4542
4811,30524763
4812,105200903
4813,19165560
4814,637769
4815,116700000
4816,43528634
4817,22175908
4818,3566637
4819,5900000
4820,38058335
4821,10000000
4822,12413650
4823,60328000
4824,29536299
4825,17297244
4826,1596687
4827,74558115
4828,56000000
4829,227799884
4830,1862805
4831,91038276
4832,16093651
4833,2270000
4834,39946780
4835,216166
4836,14715067
4837,119940815
4838,21409028
4839,25
4840,211780824
4841,9392
4842,55495563
4843,152368585
4844,2861020
4845,34967437
4846,44038000
4847,325756637
4848,162091208
4849,176070171
4850,16803753
4851,147542
4852,1185783
4853,92180910
4854,1124445
4855,180274123
4856,719968
4857,91038276
4858,48902953
4859,1053788
4860,470490832
4861,415252786
4862,36642838
4863,25928721
4864,105610124
4865,19265302
4866,319285
4867,355237933
4868,10499694
4869,589244
4870,15179302
4871,70136369
4872,2303
4873,34705850
4874,188441614
4875,248392
4876,69055695
4877,227799884
4878,59700000
4879,10442808
4880,13380561
4881,25147055
4882,8434146
4883,57330873
4884,160602194
4885,56574
4886,19125401
4887,45703
4888,60328000
4889,1337274
4890,48902953
4891,1200627
4892,17292381
4893,48418160
4894,4040588
4895,8034
4896,1300000
4897,51000000
4898,60845711
4899,16605763
4900,102825796
4901,411006740
4902,2891288
4903,10000000
4904,162000000
4905,2033165
4906,105656
4907,880674609
4908,25442939
4909,18317151
4910,2275557
4911,54215416
4912,15556340
4913,65046687
4914,103951461
4915,133949270
4916,1596687
4917,43528634
4918,113244290
4919,21409028
4920,18704595
4921,46221189
4922,1596687
4923,665450
4924,39340177
4925,226497209
4926,100202
4927,22490039
4928,70136369
4929,665450
4930,39946780
4931,91038276
4932,221295
4933,88058786
4934,12065892
4935,403170142
4936,719968
4937,7240837
4938,56574
4939,9190819
4940,719968
4941,407711549
4942,637769
4943,13670688
4944,51148651
4945,645186
4946,136400000
4947,834332
4948,2270658
4949,25442939
4950,56000000
4951,41637263
4952,56000000
4953,154026136
4954,41637263
4955,5632086
4956,319285
4957,17292381
4958,70136369
4959,91038276
4960,70136369
4961,165333180
4962,1805884
4963,13130349
4964,60328000
4965,4878242
4966,2275557
4967,53208180
4968,11560806
4969,3020784
4970,2303
4971,102825796
4972,9304609
4973,2891288
4974,188133322
4975,719968
4976,376597
4977,130786397
4978,1261947
4979,216166
4980,48418160
4981,1596687
4982,149295601
4983,25
4984,18704595
4985,1084939099
4986,1000000
4987,3692836
4988,34705850
4989,10442808
4990,2802459
4991,27400000
4992,157107755
4993,1596687
4994,107196498
4995,7240837
4996,21409028
4997,16605763
4998,2627209
4999,30353232
5000,28900000
5001,266728738
5002,355237933
5003,116700000
5004,91038276
5005,17297244
5006,333011068
5007,17292381
5008,12342632
5009,44030246
5010,1980338
5011,17297244
5012,122417389
5013,59700000
5014,18704595
5015,61700000
5016,176997168
5017,17292381
5018,15179302
5019,133949270
5020,60328000
5021,10000000
5022,54215416
5023,45100
5024,285176741
5025,14202899
5026,29907685
5027,33000337
5028,29536299
5029,20915465
5030,70136369
5031,125400
5032,500188435
5033,70136369
5034,51000000
5035,13
5036,1300000
5037,19265302
5038,42792561
5039,1406224
5040,411006740
5041,116700000
5042,1625847
5043,10442808
5044,121059225
5045,60328000
5046,141000000
5047,1000000
5048,202000
5049,56714147
5050,1000000
5051,498814908
5052,631442092
5053,8434146
5054,62788218
5055,7600000
5056,20240128
5057,21833
5058,56000000
5059,19125401
5060,217022588
5061,65663276
5062,49601
5063,4275
5064,27635305
5065,70136369
5066,7900000
5067,16605763
5068,6000000
5069,112343513
5070,1124445
5071,52034889
5072,88058786
5073,852336
5074,1213880
5075,17297244
5076,123384128
5077,28931401
5078,852336
5079,70136369
5080,29907685
5081,17380126
5082,91038276
5083,51000000
5084,8927600
5085,4864560
5086,2861020
5087,589244
5088,147315
5089,14715067
5090,91038276
5091,34967437
5092,6700000
5093,25480490
5094,57330873
5095,309457509
5096,91038276
5097,12065892
5098,44038000
5099,7096000
5100,20381995
5101,9392
5102,25
5103,2841000
5104,43650785
5105,20381995
5106,10499694
5107,39946780
5108,91038276
5109,1347988
5110,1596687
5111,189712432
5112,25442939
5113,3020784
5114,282358
5115,125728258
5116,25147055
5117,1021103568
5118,24332324
5119,5255
5120,41232
5121,18317151
5122,18704595
5123,6483963
5124,17297244
5125,91038276
5126,17297244
5127,116700000
5128,2500000
5129,14000000
5130,2154540
5131,43528634
5132,8927600
5133,176997168
5134,29907685
5135,408247917
5136,1625847
5137,44350926
5138,17000000
5139,157107755
5140,8555008
5141,34742066
5142,116643346
5143,56000000
5144,48418160
5145,21722776
5146,4557214
5147,17297244
5148,17292381
5149,1113277
5150,89456761
5151,42792561
5152,29918745
5153,20240128
5154,41637263
5155,100
5156,362637473
5157,1300000
5158,51000000
5159,18317151
5160,6000000
5161,2275557
5162,178051587
5163,459359555
5164,1000000
5165,8927600
5166,230685453
5167,13000000
5168,1596687
5169,22321
5170,2891288
5171,68696770
5172,1000000
5173,188133322
5174,18626419
5175,51000000
5176,141000000
5177,96188903
5178,201596308
5179,79
5180,70136369
5181,9392
5182,63215872
5183,11000000
5184,62882090
5185,637769
5186,1596687
5187,34705850
5188,44038000
5189,70136369
5190,154937680
5191,6483963
5192,12303411
5193,13395939
5194,65663276
5195,72070731
5196,25442939
5197,7830611
5198,36894225
5199,25442939
5200,2616503
5201,125728258
5202,1200627
5203,1000000
5204,7240837
5205,25442939
5206,2033165
5207,5632086
5208,2891288
5209,230685453
5210,2405420
5211,216166
5212,62882090
5213,19265302
5214,26488
5215,719968
5216,70136369
5217,8
5218,44349000
5219,1300000
5220,56308881
5221,7241180
5222,14631377
5223,17297244
5224,4
5225,12065892
5226,11373501
5227,4122748
5228,123384128
5229,182379278
5230,1031243
5231,3151130
5232,14836
5233,44038000
5234,36642838
5235,56000000
5236,196482882
5237,311312624
5238,1300000
5239,15427192
5240,116700000
5241,17292381
5242,17297244
5243,48298
5244,138259062
5245,1803009
5246,91354215
5247,15379253
5248,11294
5249,2405420
5250,17300889
5251,665450
5252,311245
5253,13000000
5254,7965
5255,25480490
5256,44349000
5257,1625847
5258,49042224
5259,178051587
5260,41098065
5261,8927600
5262,6775121
5263,5483299
5264,7412216
5265,1124445
5266,2033165
5267,37600000
5268,141000000
5269,69411370
5270,19265302
5271,1300000
5272,126248813
5273,1347988
5274,43650785
5275,8034
5276,39946780
5277,589244
5278,25442939
5279,8434146
5280,97
5281,19265302
5282,21750000
5283,538000
5284,5101756
5285,36642838
5286,1625847
5287,14202899
5288,10000000
5289,20000000
5290,19165560
5291,880674609
5292,77737889
5293,60209334
5294,2303
5295,609123048
5296,48298
5297,57059003
5298,46221189
5299,76578641
5300,221295
5301,25442939
5302,67918658
5303,6347072
5304,25442939
5305,589244
5306,29536299
5307,116643346
5308,2500000
5309,3221152
5310,232324128
5311,216166
5312,116672912
5313,631442092
5314,68369434
5315,307076
5316,123384128
5317,1596687
5318,8910819
5319,1300000
5320,17297244
5321,25442939
5322,9392
5323,126248813
5324,17092453
5325,216166
5326,9304609
5327,105200903
5328,70136369
5329,589244
5330,235666219
5331,1718328
5332,2303
5333,74134790
5334,77112176
5335,2620000
5336,35150960
5337,2802459
5338,17292381
5339,54215416
5340,1596687
5341,90565421
5342,75450437
5343,1163967
5344,38955598
5345,4385312
5346,15379253
5347,6700
5348,43528634
5349,10018
5350,3020784
5351,28128670
5352,11000000
5353,91038276
5354,19265302
5355,107879496
5356,1625847
5357,49601
5358,34705850
5359,19125401
5360,124914842
5361,49042224
5362,1000000
5363,56000000
5364,13674
5365,89460381
5366,52322400
5367,83080890
5368,10442808
5369,206172544
5370,300228084
5371,29536299
5372,786636033
5373,116700000
5374,84025816
5375,69307224
5376,176885658
5377,8434146
5378,14836
5379,1300000
5380,65663276
5381,126248813
5382,69055695
5383,111300
5384,225990978
5385,67112664
5386,665450
5387,17297244
5388,585349010
5389,719968
5390,49042224
5391,21409028
5392,12065892
5393,28061343
5394,29536299
5395,56574
5396,29536299
5397,125400
5398,8434146
5399,5405313
5400,5101756
5401,61489265
5402,36642838
5403,141195658
5404,31815
5405,16605763
5406,840000
5407,225990978
5408,206172544
5409,57059003
5410,2275557
5411,15379253
5412,202000
5413,126150
5414,67112664
5415,154026136
5416,25442939
5417,354248063
5418,6700
5419,7241180
5420,29536299
5421,15179302
5422,41482207
5423,886686817
5424,152368585
5425,25442939
5426,109449237
5427,1200627
5428,33456317
5429,411006740
5430,42792561
5431,18704595
5432,5496951
5433,1300000
5434,83080890
5435,20381995
5436,21409028
5437,48418160
5438,150277
5439,11000000
5440,500188435
5441,2891288
5442,188133322
5443,226497209
5444,36642838
5445,227799884
5446,75450437
5447,6000000
5448,3878993
5449,60965854
5450,1625847
5451,70136369
5452,1100000
5453,173000000
5454,92374674
5455,13380561
5456,117629
5457,29700000
5458,4367497
5459,44038000
5460,100
5461,9392
5462,48482
5463,431971116
5464,3151130
5465,6700000
5466,18704595
5467,19265302
5468,36754634
5469,25
5470,60209334
5471,50548152
5472,69823199
5473,120000
5474,56000000
5475,60965854
5476,6775121
5477,34705850
5478,10400000
5479,102825796
5480,10400000
5481,1803009
5482,17297244
5483,19905359
5484,225990978
5485,9318
5486,319285
5487,649398328
5488,27200316
5489,3566637
5490,138000
5491,19125401
5492,13000000
5493,9304609
5494,671
5495,2405420
5496,2275557
5497,22730842
5498,7240837
5499,28169671
5500,15179302
5501,319285
5502,21833
5503,3566637
5504,141195658
5505,17277
5506,264118201
5507,18704595
5508,498814908
5509,178051587
5510,216166
5511,120000
5512,50548152
5513,248000000
5514,77112176
5515,51000000
5516,473993
5517,149044513
5518,19125401
5519,157107755
5520,589244
5521,123384128
5522,11000
5523,43984230
5524,616801808
5525,123384128
5526,25442939
5527,229000
5528,69823199
5529,121129
5530,55987321
5531,538000
5532,719968
5533,154026136
5534,331926147
5535,6933459
5536,8910819
5537,1300000
5538,62882090
5539,157107755
5540,17297244
5541,431971116
5542,6488144
5543,15179302
5544,17292381
5545,331000
5546,20381995
5547,2003822
5548,70136369
5549,212385533
5550,63215872
5551,21750000
5552,51148651
5553,83080890
5554,1596687
5555,21409028
5556,116700000
5557,10499694
5558,362637473
5559,4122748
5560,1200627
5561,17297244
5562,101646581
5563,202000
5564,1000000
5565,141000000
5566,16810383
5567,20381995
5568,34967437
5569,5496951
5570,136766062
5571,105200903
5572,4385312
5573,152930623
5574,719968
5575,60209334
5576,2405420
5577,41637263
5578,719968
5579,13380561
5580,1000000
5581,15379253
5582,25442939
5583,29536299
5584,186702
5585,8927600
5586,2861020
5587,120000
5588,92374674
5589,230685453
5590,858591
5591,1124445
5592,2275557
5593,70136369
5594,116700000
5595,70136369
5596,225990978
5597,44038000
5598,1486992
5599,21750000
5600,1200627
5601,19265302
5602,354248063
5603,7732325
5604,3251794
5605,134748021
5606,105200903
5607,57330873
5608,17300889
5609,14715067
5610,15427192
5611,48902953
5612,225990978
5613,1300000
5614,22730842
5615,83080890
5616,1596687
5617,173000000
5618,19265302
5619,36642838
5620,603943
5621,15379253
5622,1053788
5623,10442808
5624,631442092
5625,8910819
5626,8034
5627,48902953
5628,41637263
5629,333011068
5630,60328000
5631,114908830
5632,56000000
5633,2033165
5634,59700000
5635,224511319
5636,45703
5637,719968
5638,136000000
5639,39946780
5640,4557214
5641,17137302
5642,116700000
5643,719968
5644,662845518
5645,162091208
5646,3692836
5647,6500000
5648,28128670
5649,173066
5650,90565421
5651,227799884
5652,18591272
5653,55707411
5654,60845711
5655,48418160
5656,84785914
5657,44038000
5658,20381995
5659,116700000
5660,120081841
5661,719968
5662,194168700
5663,15179302
5664,1596687
5665,87416021
5666,56308881
5667,216166
5668,30524763
5669,9114264
5670,403170142
5671,123384128
5672,48298
5673,56000000
5674,22490039
5675,14000000
5676,532269
5677,61489265
5678,92374674
5679,5099316
5680,142817992
5681,121214377
5682,4557214
5683,121214377
5684,124914842
5685,60328000
5686,25513752
5687,13670688
5688,70136369
5689,25442939
5690,2616503
5691,56000000
5692,1028570889
5693,25442939
5694,212385533
5695,48911
5696,2405420
5697,3020784
5698,393816
5699,486937
5700,68369434
5701,1596687
5702,123384128
5703,14010832
5704,1053788
5705,10442808
5706,4385312
5707,24719215
5708,2891288
5709,13380561
5710,7800000
5711,7830611
5712,75715436
5713,6000000
5714,248392
5715,123509
5716,538000
5717,91038276
5718,17297244
5719,10442808
5720,91038276
5721,217022588
5722,28023563
5723,5410749
5724,8800000
5725,1079726
5726,28128670
5727,347434178
5728,60328000
5729,616801808
5730,4307000
5731,41232
5732,14202899
5733,51000000
5734,19265302
5735,719968
5736,83080890
5737,8342132
5738,19165560
5739,719968
5740,12923936
5741,28921264
5742,2405420
5743,25442939
5744,105656
5745,116700000
5746,43984230
5747,376597
5748,330444045
5749,29536299
5750,11373501
5751,95714875
5752,51000000
5753,164508066
5754,8434146
5755,33463969
5756,8434146
5757,19125401
5758,532269
5759,1596687
5760,1031243
5761,7965
5762,227817248
5763,244527583
5764,7840873
5765,123384128
5766,2405420
5767,123384128
5768,17297244
5769,157107755
5770,13380561
5771,21409028
5772,56000000
5773,132900000
5774,50548152
5775,25442939
5776,319285
5777,78000586
5778,38955598
5779,114660784
5780,105656
5781,129540499
5782,141000000
5783,29536299
5784,44038000
5785,309492681
5786,13380561
5787,194168700
5788,263404
5789,56000000
5790,102825796
5791,63833449
5792,116700000
5793,4367497
5794,56308881
5795,309492681
5796,1596687
5797,56000000
5798,105656
5799,194168700
5800,532269
5801,34562222
5802,25147055
5803,50656
5804,206172544
5805,27634716
5806,1596687
5807,29536299
5808,411006740
5809,3566637
5810,4275
5811,918239
5812,36642838
5813,224511319
5814,221295
5815,2861020
5816,8800000
5817,44038000
5818,20381995
5819,56000000
5820,1596687
5821,41232
5822,147542
5823,36642838
5824,41637263
5825,1596687
5826,7338987
5827,44038000
5828,362637473
5829,105610124
5830,4100000
5831,48418160
5832,34967437
5833,8434146
5834,39946780
5835,13
5836,102825796
5837,29536299
5838,5099316
5839,8555008
5840,14202899
5841,38172500
5842,36642838
5843,1406224
5844,4367497
5845,97
5846,221295
5847,92374674
5848,13273595
5849,589244
5850,123384128
5851,742898
5852,239894
5853,1749201
5854,116700000
5855,192330738
5856,6700000
5857,631442092
5858,637769
5859,61489265
5860,103951461
5861,1337274
5862,48911
5863,25928721
5864,362637473
5865,8373585
5866,17297244
5867,21833
5868,41637263
5869,2200000
5870,1000000
5871,48418160
5872,194168700
5873,1596687
5874,6700
5875,18317151
5876,36642838
5877,6933459
5878,311312624
5879,216166
5880,63833449
5881,88058786
5882,156974557
5883,188126
5884,19125401
5885,19131000
5886,17292381
5887,1301696
5888,4750000
5889,2303
5890,16491080
5891,29700000
5892,116700000
5893,21833
5894,57881056
5895,17297244
5896,498814908
5897,100
5898,19265302
5899,1000000
5900,2628241
5901,123182
5902,43579163
5903,29536299
5904,173965010
5905,35431113
5906,63833449
5907,7965
5908,36642838
5909,15000000
5910,519535
5911,34705850
5912,176885658
5913,27200316
5914,719968
5915,7600000
5916,109449237
5917,130482868
5918,88058786
5919,19265302
5920,1337274
5921,15000000
5922,15179302
5923,6000000
5924,6775121
5925,132900000
5926,273644
5927,125400
5928,164433867
5929,83398
5930,56000000
5931,16605763
5932,49601
5933,17297244
5934,34967437
5935,331926147
5936,154026136
5937,22270
5938,719968
5939,6700000
5940,69307224
5941,25442939
5942,156844753
5943,319285
5944,25442939
5945,91354215
5946,1494399
5947,3370574
5948,77737889
5949,1625847
5950,132820716
5951,65663276
5952,21722776
5953,49100000
5954,116700000
5955,107879496
5956,309492681
5957,70136369
5958,42792561
5959,19265302
5960,25
5961,719968
5962,10000000
5963,16605763
5964,130786397
5965,34742066
5966,116700000
5967,371940071
5968,8342132
5969,48418160
5970,17292381
5971,6933459
5972,4750000
5973,48902953
5974,6488144
5975,116700000
5976,1000000
5977,4122748
5978,609123048
5979,1980338
5980,42792561
5981,15179302
5982,162000000
5983,4385312
5984,10442808
5985,55495563
5986,5099316
5987,51000000
5988,77112176
5989,13674
5990,585349010
5991,7840873
5992,14010832
5993,8927600
5994,376597
5995,91038276
5996,123384128
5997,10442808
5998,264118201
5999,48482
6000,216166
6001,25461
6002,2400000
6003,10000000
6004,15179302
6005,1494399
6006,4307000
6007,719968
6008,10499694
6009,136000000
6010,74558115
6011,15427192
6012,17297244
6013,242688965
6014,665450
6015,3919254
6016,15379253
6017,105656
6018,502758
6019,589244
6020,1675484
6021,216166
6022,393816
6023,59700000
6024,589244
6025,91354215
6026,197687603
6027,19905359
6028,102825796
6029,44038000
6030,403170142
6031,16605763
6032,127251
6033,15179302
6034,14202899
6035,325756637
6036,2861020
6037,852336
6038,4275
6039,2802459
6040,15379253
6041,205754447
6042,60
6043,113244290
6044,192816
6045,21409028
6046,13674
6047,1124445
6048,216166
6049,70136369
6050,3554460
6051,111300
6052,164433867
6053,41232
6054,376597
6055,9500000
6056,29536299
6057,14202899
6058,56000000
6059,374111707
6060,41637263
6061,17137302
6062,7412216
6063,102825796
6064,12520799
6065,33395426
6066,36642838
6067,2091037
6068,5255
6069,266728738
6070,211780824
6071,7840873
6072,1300000
6073,6000000
6074,9247881
6075,1250000
6076,57330873
6077,25147786
6078,12173470
6079,631442092
6080,7241180
6081,500000
6082,19905359
6083,120455994
6084,19125401
6085,56000000
6086,17297244
6087,18704595
6088,1596687
6089,10499694
6090,90024292
6091,4122748
6092,6000000
6093,6000000
6094,498814908
6095,29536299
6096,18591272
6097,54215416
6098,8434146
6099,123384128
6100,22730842
6101,250288523
6102,17508518
6103,41954997
6104,4878242
6105,44038000
6106,1261947
6107,209935
6108,13130349
6109,21833
6110,86369815
6111,486937
6112,519204
6113,13380561
6114,18317151
6115,56702901
6116,9392
6117,21621000
6118,103951461
6119,51680201
6120,227799884
6121,16093651
6122,93945766
6123,500000
6124,116700000
6125,7011317
6126,2616503
6127,1596687
6128,8342132
6129,8034
6130,49601
6131,112892319
6132,3020784
6133,17092453
6134,83080890
6135,19265302
6136,325756637
6137,41954997
6138,7185518
6139,1405403694
6140,56574
6141,21409028
6142,9190819
6143,29326868
6144,91354215
6145,60328000
6146,25442939
6147,141220678
6148,25442939
6149,124914842
6150,130482868
6151,54215416
6152,136766062
6153,105097
6154,3554460
6155,230685453
6156,12000000
6157,44030246
6158,133718711
6159,216166
6160,10400000
6161,8434146
6162,7412216
6163,14202899
6164,56574
6165,17297244
6166,8434146
6167,141000000
6168,70136369
6169,48418160
6170,5405313
6171,3484331
6172,22321
6173,390659
6174,36642838
6175,25442939
6176,2891288
6177,51973029
6178,221295
6179,71069884
6180,227799884
6181,2270658
6182,71069884
6183,2275557
6184,1021103568
6185,9114264
6186,1124445
6187,3566225
6188,8927600
6189,1596687
6190,61489265
6191,29326868
6192,61489265
6193,15000000
6194,48298
6195,12065892
6196,136766062
6197,240093
6198,102825796
6199,362637473
6200,12065892
6201,589244
6202,102825796
6203,164508066
6204,719968
6205,1000000
6206,44350926
6207,68369434
6208,50100000
6209,3020784
6210,115860
6211,65663276
6212,719968
6213,3566637
6214,1124445
6215,17297244
6216,10442808
6217,192816
6218,6933459
6219,10442808
6220,376597
6221,2628241
6222,20642922
6223,51029361
6224,17292381
6225,84025816
6226,719968
6227,5741608
6228,589244
6229,8910819
6230,7965
6231,73648228
6232,143451
6233,631442092
6234,10442808
6235,19265302
6236,8200000
6237,10499694
6238,29326868
6239,116643346
6240,12342632
6241,7778177
6242,7732325
6243,43528634
6244,73648228
6245,6000000
6246,138000
6247,28900000
6248,4069826
6249,20381995
6250,69055695
6251,36754634
6252,2405420
6253,13380561
6254,325756637
6255,65046687
6256,91038276
6257,35431113
6258,4122748
6259,12413650
6260,49042224
6261,151161491
6262,91038276
6263,171760
6264,2841000
6265,25147786
6266,6086508
6267,102244770
6268,100202
6269,264118201
6270,174578751
6271,57881056
6272,13000000
6273,300228084
6274,60845711
6275,6700000
6276,17297244
6277,9114264
6278,2275557
6279,91038276
6280,45100
6281,10499694
6282,260696994
6283,41637263
6284,415252786
6285,19265302
6286,1700000
6287,25442939
6288,27642707
6289,250821495
6290,4542
6291,83080890
6292,132820716
6293,100853753
6294,9318
6295,154937680
6296,2841000
6297,2405420
6298,7240837
6299,5099316
6300,227799884
6301,25442939
6302,11798616
6303,10499694
6304,22730842
6305,116672912
6306,17292381
6307,105097
6308,93000
6309,22321
6310,10442808
6311,99303
6312,5405313
6313,77516304
6314,16605763
6315,20381995
6316,21409028
6317,280000000
6318,8927600
6319,19265302
6320,11449638
6321,459359555
6322,2033165
6323,19125401
6324,12706478
6325,15000000
6326,150277
6327,70136369
6328,10000000
6329,15179302
6330,9318
6331,102000000
6332,25000
6333,2033165
6334,44038000
6335,36642838
6336,44349000
6337,27200316
6338,100
6339,1124445
6340,2861020
6341,3151130
6342,20381995
6343,19265302
6344,411006740
6345,1337274
6346,189015611
6347,46221189
6348,60328000
6349,19265302
6350,621951
6351,250288523
6352,41954997
6353,44057737
6354,3020784
6355,67821
6356,43579163
6357,7338987
6358,1000000
6359,1805884
6360,147315
6361,119940815
6362,519535
6363,1625847
6364,39946780
6365,309457509
6366,719968
6367,7412216
6368,25442939
6369,39946780
6370,163403799
6371,16093651
6372,16605763
6373,125728258
6374,16810383
6375,6482195
6376,6000000
6377,3566225
6378,25034000
6379,473226958
6380,70136369
6381,260696994
6382,17137302
6383,10442808
6384,95673607
6385,29326868
6386,206172544
6387,2033165
6388,14202899
6389,1261947
6390,18704595
6391,157768
6392,3566637
6393,631442092
6394,25182929
6395,5099316
6396,13674
6397,1179002
6398,1124445
6399,37641
6400,1300000
6401,7240837
6402,20381995
6403,44038000
6404,25442939
6405,540152
6406,2270000
6407,17297244
6408,10442808
6409,44350926
6410,10400000
6411,589244
6412,2891288
6413,13130349
6414,346864462
6415,3662459
6416,1000000
6417,355237933
6418,287553595
6419,6700000
6420,29536299
6421,18704595
6422,41232
6423,39946780
6424,29536299
6425,25442939
6426,2033165
6427,8910819
6428,1268793
6429,10442808
6430,63833449
6431,162242962
6432,77737889
6433,116700000
6434,17297244
6435,18704595
6436,15556340
6437,60328000
6438,6700000
6439,19125401
6440,48418160
6441,216166
6442,116700000
6443,1300000
6444,3554460
6445,132900000
6446,103951461
6447,39946780
6448,30524763
6449,70136369
6450,123509
6451,136400000
6452,75450437
6453,18317151
6454,25442939
6455,8434146
6456,262921
6457,164508066
6458,44038000
6459,93600000
6460,95673607
6461,77068246
6462,415252786
6463,6029824
6464,8034
6465,319285
6466,5483299
6467,150277
6468,918239
6469,43528634
6470,3221152
6471,1000000
6472,216166
6473,17297244
6474,14202899
6475,1200627
6476,1023784195
6477,82150642
6478,28215918
6479,206172544
6480,83080890
6481,91000000
6482,13000000
6483,11798616
6484,214104620
6485,196781193
6486,1347988
6487,58662452
6488,10442808
6489,7406
6490,14000000
6491,19905359
6492,5483299
6493,34705850
6494,39459427
6495,7800000
6496,207283925
6497,498814908
6498,73648228
6499,216166
6500,1083282
6501,157768
6502,189712432
6503,25442939
6504,27200000
6505,91038276
6506,135
6507,49042224
6508,67112664
6509,6659377
6510,589244
6511,1300000
6512,719968
6513,15179302
6514,7185518
6515,211780824
6516,123384128
6517,719968
6518,719968
6519,6700000
6520,4122748
6521,206172544
6522,18704595
6523,17297244
6524,8927600
6525,50100000
6526,223664608
6527,4864560
6528,51000000
6529,20381995
6530,28931401
6531,1805884
6532,39946780
6533,1031243
6534,1028570889
6535,216166
6536,17297244
6537,10382407
6538,15379253
6539,224511319
6540,165478348
6541,38955598
6542,44030246
6543,111300
6544,1862805
6545,77112176
6546,194168700
6547,36000000
6548,15427192
6549,18317151
6550,17292381
6551,500188435
6552,2405420
6553,25
6554,227799884
6555,56574
6556,36642838
6557,6483963
6558,54674226
6559,411006740
6560,288500217
6561,25
6562,129540499
6563,27200000
6564,17297244
6565,70136369
6566,17292381
6567,319285
6568,25442939
6569,1000000
6570,88058786
6571,25442939
6572,48752
6573,141000000
6574,123384128
6575,22730842
6576,34967437
6577,9318
6578,300228084
6579,20240128
6580,13674
6581,19265302
6582,25
6583,44038000
6584,2400000
6585,34742066
6586,14010832
6587,1124445
6588,1113277
6589,109449237
6590,74901339
6591,70136369
6592,266728738
6593,126248813
6594,411006740
6595,9833553
6596,154937680
6597,25147055
6598,120000
6599,393816
6600,319285
6601,1124445
6602,116643346
6603,34742066
6604,17297244
6605,585349010
6606,185898
6607,84601681
6608,4542
6609,376597
6610,30668
6611,2841000
6612,550000000
6613,16374328
6614,297138014
6615,14836
6616,102825796
6617,212385533
6618,10442808
6619,2616503
6620,9318
6621,10000000
6622,330444045
6623,71069884
6624,230685453
6625,138259062
6626,56574
6627,141195658
6628,3020784
6629,70136369
6630,7185518
6631,719968
6632,4385312
6633,54215416
6634,13380561
6635,66559
6636,41482207
6637,149044513
6638,135
6639,3878993
6640,56574
6641,152368585
6642,408247917
6643,9392
6644,221295
6645,36642838
6646,116700000
6647,1200627
6648,109449237
6649,307076
6650,1596687
6651,2405420
6652,589244
6653,21409028
6654,57881056
6655,2033165
6656,8034
6657,36894225
6658,1027757
6659,37600000
6660,12706478
6661,25147055
6662,70136369
6663,201596308
6664,376597
6665,10000000
6666,28215918
6667,37962774
6668,54215416
6669,1625847
6670,7965
6671,186702
6672,20381995
6673,17137302
6674,211780824
6675,41954997
6676,645186
6677,4122748
6678,6000000
6679,55987321
6680,17292381
6681,325756637
6682,4100000
6683,6483963
6684,5300000
6685,20381995
6686,60328000
6687,224511319
6688,29000000
6689,502758
6690,171963386
6691,44038000
6692,90024292
6693,2405420
6694,18317151
6695,70136369
6696,89162162
6697,105097
6698,77112176
6699,297138014
6700,235666219
6701,411006740
6702,30857814
6703,116700000
6704,4122748
6705,29536299
6706,6700000
6707,34967437
6708,2891288
6709,5099316
6710,87416021
6711,125728258
6712,34808403
6713,719968
6714,5099316
6715,307076
6716,791830
6717,113244290
6718,62882090
6719,17092453
6720,13674
6721,36754634
6722,13000000
6723,124914842
6724,3919254
6725,8910819
6726,69823199
6727,60328000
6728,20642922
6729,76000000
6730,2033165
6731,4100000
6732,221295
6733,1053788
6734,4307000
6735,50548152
6736,1494399
6737,22730842
6738,2200000
6739,49042224
6740,147542
6741,248000000
6742,84601681
6743,77516304
6744,39946780
6745,3692836
6746,48902953
6747,10400000
6748,532269
6749,25
6750,1347988
6751,19265302
6752,25928721
6753,18000000
6754,69055695
6755,8034
6756,230685453
6757,116700000
6758,70136369
6759,330444045
6760,123384128
6761,502758
6762,2303
6763,2725258
6764,13674
6765,39459427
6766,41232
6767,17292381
6768,920100000
6769,390659
6770,70136369
6771,810455
6772,56574
6773,1625847
6774,77737889
6775,121214377
6776,2610000
6777,44030246
6778,63833449
6779,60328000
6780,48418160
6781,29326868
6782,60209334
6783,18704595
6784,25
6785,14010832
6786,589244
6787,1596687
6788,2303
6789,25147055
6790,1300000
6791,19265302
6792,886686817
6793,152036382
6794,31911598
6795,12706478
6796,156974557
6797,45100
6798,2275557
6799,6488144
6800,260696994
6801,58662452
6802,56574
6803,250200000
6804,97
6805,91038276
6806,70136369
6807,16374328
6808,25147055
6809,116700000
6810,1596687
6811,29536299
6812,76586316
6813,34808403
6814,11567217
6815,1124445
6816,45100
6817,4542
6818,65335
6819,186702
6820,56000000
6821,34705850
6822,56000000
6823,1053788
6824,250200000
6825,12923936
6826,227799884
6827,37641
6828,4275
6829,100202
6830,39946780
6831,19265302
6832,21409028
6833,6700000
6834,48911
6835,50548152
6836,719968
6837,124914842
6838,523511
6839,8200000
6840,186702
6841,2275557
6842,216166
6843,1000000
6844,6482195
6845,6000000
6846,29536299
6847,1486992
6848,17297244
6849,18591272
6850,17137302
6851,611899420
6852,61801971
6853,1596687
6854,17297244
6855,18704595
6856,25
6857,44349000
6858,17292381
6859,57330873
6860,91038276
6861,11560806
6862,22730842
6863,42792561
6864,2616503
6865,13000000
6866,12342632
6867,142817992
6868,1405403694
6869,25442939
6870,31815
6871,29536299
6872,12065892
6873,245066411
6874,17292381
6875,20240128
6876,2405420
6877,56000000
6878,3554460
6879,319285
6880,123509
6881,179000
6882,122417389
6883,8927600
6884,60328000
6885,70136369
6886,1027757
6887,125728258
6888,56000000
6889,51000000
6890,1596687
6891,15379253
6892,130482868
6893,244527583
6894,123384128
6895,1081957
6896,105656
6897,202000
6898,17297244
6899,25442939
6900,224511319
6901,109449237
6902,173066
6903,13130349
6904,56000000
6905,56000000
6906,201596308
6907,15179302
6908,10499694
6909,102000000
6910,120000
6911,390659
6912,116700000
6913,205366737
6914,55707411
6915,27200000
6916,17297244
6917,1405403694
6918,114908830
6919,14836
6920,116643346
6921,17218080
6922,3251794
6923,135893
6924,87600000
6925,2033165
6926,136400000
6927,580527
6928,2405420
6929,57330873
6930,211780824
6931,17297244
6932,70136369
6933,1494399
6934,60209334
6935,8800000
6936,25442939
6937,473226958
6938,2610000
6939,1124445
6940,56000000
6941,84025816
6942,1596687
6943,180590
6944,50068310
6945,742898
6946,51148651
6947,416498
6948,2627209
6949,77112176
6950,121214377
6951,1268395
6952,70136369
6953,27200000
6954,51000000
6955,57330873
6956,20240128
6957,300653
6958,6933459
6959,216166
6960,6700000
6961,54215416
6962,12342632
6963,91038276
6964,6700000
6965,20381995
6966,29536299
6967,86369815
6968,589304
6969,6000000
6970,70136369
6971,10000000
6972,2861020
6973,15379253
6974,19265302
6975,1596687
6976,30471420
6977,7965
6978,30668
6979,18704595
6980,8434146
6981,637769
6982,351692268
6983,7218340
6984,31720158
6985,206172544
6986,41637263
6987,2861020
6988,14715067
6989,51000000
6990,165333180
6991,7965
6992,6488144
6993,637769
6994,1100000
6995,300228084
6996,89162162
6997,41232
6998,44038000
6999,355237933
7000,135893
7001,30524763
7002,14836
7003,91354215
7004,300228084
7005,12706478
7006,2303
7007,59700000
7008,58662452
7009,16300000
7010,56000000
7011,3662459
7012,41098065
7013,185898
7014,1000000
7015,164508066
7016,68696770
7017,18000000
7018,7185518
7019,152930623
7020,155545279
7021,1053788
7022,34967437
7023,10442808
7024,171760
7025,185898
7026,280000000
7027,17800000
7028,180590
7029,25442939
7030,92180910
7031,8555008
7032,34967437
7033,10018
7034,123509
7035,502758
7036,141000000
7037,20240128
7038,16093651
7039,122417389
7040,22730842
7041,15379253
7042,346079773
7043,41098065
7044,56000000
7045,91038276
7046,36642838
7047,160602194
7048,20381995
7049,36642838
7050,147542
7051,9317021
7052,17137302
7053,589304
7054,16605763
7055,77737889
7056,167977596
7057,1000000
7058,12706478
7059,91038276
7060,216166
7061,34705850
7062,754249
7063,4557214
7064,69307224
7065,25442939
7066,8685526
7067,1347988
7068,21409028
7069,4971340
7070,33463969
7071,631442092
7072,218626
7073,8888143
7074,502758
7075,43650785
7076,73648228
7077,6000000
7078,65663276
7079,4557214
7080,7338987
7081,91038276
7082,14836
7083,637769
7084,123384128
7085,19125401
7086,87600000
7087,60209334
7088,225990978
7089,43528634
7090,70136369
7091,22270
7092,57881056
7093,41637263
7094,29536299
7095,60328000
7096,1300000
7097,28169671
7098,70136369
7099,48418160
7100,17297244
7101,141195658
7102,2303
7103,185898
7104,8434146
7105,48418160
7106,17297244
7107,411006740
7108,286201
7109,123384128
7110,25147055
7111,637769
7112,48418160
7113,217022588
7114,116700000
7115,719968
7116,39946780
7117,331000
7118,54215416
7119,141000000
7120,176153
7121,13273595
7122,2861020
7123,7965
7124,586090727
7125,15179302
7126,127600435
7127,50548152
7128,125728258
7129,589244
7130,9318
7131,19516000
7132,60328000
7133,230685453
7134,16605763
7135,34808403
7136,10000000
7137,10442808
7138,6000000
7139,2841000
7140,325756637
7141,12706478
7142,109449237
7143,20000000
7144,2861020
7145,48418160
7146,179000
7147,65663276
7148,1300000
7149,1625847
7150,8
7151,70136369
7152,411006740
7153,6483963
7154,21409028
7155,297138014
7156,56000000
7157,44350926
7158,14202899
7159,116700000
7160,1547397
7161,151161491
7162,132900000
7163,34705850
7164,918239
7165,415252786
7166,6700000
7167,100202
7168,12520799
7169,37641
7170,6483963
7171,1300000
7172,91354215
7173,44038000
7174,70136369
7175,376597
7176,116700000
7177,330444045
7178,15379253
7179,57881056
7180,202000
7181,4367497
7182,28128670
7183,251058
7184,1045713802
7185,46264384
7186,123384128
7187,29536299
7188,227799884
7189,6000000
7190,21722776
7191,6029824
7192,17297244
7193,43579163
7194,250821495
7195,10442808
7196,17092453
7197,17292381
7198,60328000
7199,665450
7200,311312624
7201,307076
7202,91038276
7203,8910819
7204,36642838
7205,250288523
7206,40263020
7207,585349010
7208,21409028
7209,18000000
7210,187716
7211,1612100
7212,1300000
7213,34967437
7214,3566637
7215,49100000
7216,36754634
7217,221295
7218,19265302
7219,1300000
7220,13273595
7221,123384128
7222,1053788
7223,1494399
7224,2279000
7225,25
7226,70136369
7227,69307224
7228,19125401
7229,10442808
7230,187716
7231,43528634
7232,250288523
7233,20000000
7234,42792561
7235,30857814
7236,50548152
7237,17297244
7238,25147055
7239,325756637
7240,77112176
7241,217022588
7242,21833
7243,116700000
7244,25442939
7245,187716
7246,2500000
7247,25442939
7248,154026136
7249,105656
7250,8910819
7251,19265302
7252,3251794
7253,216166
7254,77737889
7255,2303
7256,319285
7257,502758
7258,227799884
7259,25442939
7260,50656
7261,90024292
7262,5099316
7263,77477008
7264,136400000
7265,1300000
7266,10442808
7267,1547397
7268,719968
7269,57059003
7270,33463969
7271,6933459
7272,22730842
7273,10499694
7274,1596687
7275,34967437
7276,258464
7277,69307224
7278,75715436
7279,36754634
7280,176997168
7281,123384128
7282,97838349
7283,118338361
7284,307076
7285,113374103
7286,56000000
7287,13380561
7288,1625847
7289,178127760
7290,34967437
7291,2091037
7292,1000000
7293,34705850
7294,70136369
7295,16374328
7296,28460702
7297,142817992
7298,17297244
7299,637769
7300,6483963
7301,18704595
7302,1000000
7303,840000
7304,65046687
7305,7240837
7306,331926147
7307,2303
7308,25
7309,76578641
7310,60328000
7311,1596687
7312,30353232
7313,194168700
7314,6892098
7315,17292381
7316,1596687
7317,44030246
7318,219417255
7319,21750000
7320,12303411
7321,97
7322,7900000
7323,21409028
7324,142817992
7325,230685453
7326,266728738
7327,719968
7328,49100000
7329,25182929
7330,156974557
7331,28128670
7332,41637263
7333,113374103
7334,6483963
7335,22730842
7336,2891288
7337,20240128
7338,83080890
7339,6916869
7340,494506
7341,3020784
7342,50548152
7343,6000000
7344,8910819
7345,6488144
7346,17297244
7347,6800000
7348,21833
7349,35743308
7350,91038276
7351,16605763
7352,3370574
7353,25147055
7354,13674
7355,2405420
7356,65663276
7357,25034000
7358,4100000
7359,19165560
7360,8927600
7361,1334173
7362,311312624
7363,662845518
7364,8800000
7365,56308881
7366,16605763
7367,45703
7368,319285
7369,36642838
7370,287553595
7371,7965
7372,34808403
7373,280000000
7374,21750000
7375,29536299
7376,8910819
7377,2627209
7378,22730842
7379,363889678
7380,39946780
7381,157768
7382,15000000
7383,840000
7384,17297244
7385,29536299
7386,25442939
7387,1547397
7388,319285
7389,10018
7390,192816
7391,161410
7392,17297244
7393,263920180
7394,226497209
7395,19265302
7396,29536299
7397,1300000
7398,3221152
